Dealer Code,Name,Target 202404,Sale upto 15.04.2024
9121004016,SHRI RAM AGRO,600,229.5
9121004021,SHIV SHAKTI CEMENT DEPOT,117,42.5
9121004023,ROYAL STEEL FURNITURE,968,162
9121004027,SIDDHNATH CEMENT AGENCY,127,12
9121004029,SHREE VISHWAKARMA SALES AGENCY,130,20.5
9121004033,SHIV STEEL CORPORATION,343,85
9121004034,SAJID CEMENT SUPPLIERS,563,151
9121004038,VALA RAMESHKUMAR JAGJIVANDAS,38,7.5
9121004043,VARSHA CEMENT CORPORATION,578,5
9121004044,VIRAL TRADING CO.,350,110.5
9121004045,VISHAL CEMENT AGENCY,84,40
9121004047,SORATH STEELS,50,1.25
9121004052,SHREE LAXMI STEEL TRADERS,450,73
9121004061,TULSI ENTERPRISE,55,18
9121004064,SHRI RUPAMKRUPA TRADERS,117,35
9121004067,VISHAT TRADERS,45,10
9121004073,SHUBHAM CORPORATION,65,14
9121004076,SOMALAL SALES,150,24
9121004078,SAMLIYA TRADING CO.,115,63
9121004080,SHRI GANESH TRADERS,110,27.5
9121004088,TRISHUL HARDWARE,197,108
9121004090,THAKKAR TRADING COMPANY,1455,475.5
9121004097,SHREE VINAY TRADERS,120,15
9121004108,PRAKASH TRADERS,125,61.5
9121004110,PAVAN CEMENT AGENCY,481,166.5
9121004134,SATKAR TRADING CO.,31,10
9121004136,SHARDA CEMENT DEPOT,63,7.5
9121004139,S.K.MARBLES & STONE SUPPLIERS,135,26.5
9121004142,SHAH DUSHYANTKUMAR ZAVERLAL,409,18
9121004148,SHRI KHODIYAR TRADERS(DARIAPUR,55,6
9121004151,SHRINATHJI TRADERS,408,105
9121004153,SAHAKAR CEMENT TRADERS,140,91.5
9121004159,SHREE RAM TRADERS,125,16
9121004171,SHRI RANG SANITARY,143,6.5
9121004172,SHREEJI TRADERS,104,28
9121004175,SHREE SHIVSHAKTI TRADERS,112,36
9121004179,VISHNU CEMENT DEPOT,75,54
9121004190,SHREE BAHUCHARAJI ENTERPRISE,115,43.5
9121004192,SHREENATH TRADERS,115,43
9121004194,PATEL DINESHKUMAR SENDHABAI,155,45
9121004200,PARTH CEMENT DEPOT,494,277.15
9121004206,SHRI VASUDEV TRADERS,470,84.5
9121004210,SHRI AMBICA TRADERS,135,48.5
9121004213,SHIV TRADERS,1000,259
9121004220,UGAT VIBHAG VIVIDH KARYAKARI,55,12
9121004221,UMIYA TRADING CO.,60,5
9121004223,UMIYA HARDWARE,430,163.5
9121004246,RAMESHWAR TRADING,160,31
9121004248,RAHUL HARDWARE,193,24
9121004249,RAGHUVIR ENTERPRISES,794,168
9121004253,RAJ TRADING CO.,137,44
9121004257,PATEL TRADERS,100,13
9121004262,PRABHAT CEMENT DEPOT,100,12
9121004264,PATEL TRADING CO.,30,12.5
9121004276,RAJ STEEL,440,63
9121004287,SHREE RANG SALES CORPORATION,67,18
9121004299,VIKAS ENTERPRISE,38,10
9121004300,SAIBABA TRADING COMPANY,115,25
9121004305,SHREE KAMESHWAR TRADERS,110,16
9121004317,SWAMINARAYAN HARDWARE MART,150,64
9121004320,SHIVAM MARBLE & STONE CO.,175,71
9121004321,SHREEJI STEEL CEMENT SANITARY-,542,176.5
9121004323,SHIVAM SALES CORPORATION,2638,1123.25
9121004326,SHREE VIHAN VIBHAG BAGAYAT,103,12
9121004327,UMIYA TRADING COMPANY,80,40
9121004329,UMIYA BLDG MAT. SUPPLIES,103,10
9121004331,URVI TRADERS,450,130
9121004339,VIRAT AGENCY,187,46.6
9121004341,M/S. VORA RAMANLAL KODARLAL,110,10
9121004347,PANKAJ TRADERS,180,39
9121004348,PATEL STEELS,45,18
9121004352,PRAJAPATI MAHENDRABHAI AMBALAL,189,77
9121004354,PATEL CEMENT SUPPLIERS,161,51
9121004355,PATEL TRADERS,175,84
9121004361,SHREE SAI TRADERS,300,51
9121004363,M/S. SHAH KHATAU KANJI & CO.,75,35
9121004365,SHRI KANAIYA CEMENT SUPPLIERS,55,24
9121004372,UMA TRADERS,115,48.5
9121004373,UMA TRADERS (RANIP),158,63.5
9121004394,RADHAKRISHNA TRADERS(ODHAV),90,25
9121004395,RADHAKRISHNA SANITARYWARE,460,134
9121004400,RAJASTHAN CEMENT & STEEL,300,153
9121004401,RAJ STEEL & CEMENT DEPOT,155,72.5
9121004406,RIYA ENTERPRISE,115,12.5
9121004412,PATIDAR STEELS,350,143.75
9121004426,SHRI AMAR TRADERS,123,12.5
9121004430,SHRINATHJI CEMENT CORPORATION,550,93.5
9121004432,SATADHAR STEEL CORPORATION,133,80
9121004436,SORATH SALES,55,11.5
9121004439,SUNILKUMAR KALIDAS PRAJAPATI,97,26
9121004441,SHRI NAKALANG KRUPA CEMENT,60,5
9121004447,SHREE GANESH CORPORATION,115,2.5
9121004448,SHIV MARKETING,13,7.5
9121004458,SHIV SHAKTI TRADERS,672,207
9121004469,SHRI SHAL MAHADEV SAW MILL,75,13
9121004470,SHREE LAXMI TRADERS,1575,577
9121004474,SHREE SWAMINARAYAN TRADERS,75,30
9121004475,SHRI RAGHUVIR TRADERS,46,15
9121004478,SHREE ARANI SEVA SAHKARI M.LTD,20,10
9121004489,VISHAL TRADERS,72,30
9121004490,VISHAL TRADERS,75,25
9121004500,PATEL TRADERS,188,53
9121004501,PARTH TRADERS,183,100
9121004502,PATEL TRADERS,58,13
9121004503,PRUTHVISINGH P. VAGHELA,490,243
9121004506,PATEL CEMENT SALES,67,15
9121004514,SHREE NANA BHADIA SOC.STORE,30,10
9121004515,SHREEJI CEMENT & CARTING,83,44
9121004519,SHREE BAJARANG STEEL TRADERS,95,28
9121005145,YOGI CEMENT SUPPLIERS,325,120
9121005205,SANJAY SALES,140,36
9121005208,SHREE BRAHMANI TRADERS,9,5
9121005214,SHREE RAM TRADING CO.,164,73
9121005281,VIJAY HARDWARE,215,15
9121005284,ZAM ZAM STEEL,90,61
9121005331,SHREEJI TRADERS,85,10.5
9121005369,VINOD SALES AGENCY,155,70
9121005373,VIRAJ TRADING,277,79.5
9121005375,VAMA HARDWARE,75,16
9121005379,VRUSHABH TRADERS,338,55
9121005380,VATAYAKSHINI TRADERS,125,7
9121005383,TEELA TRADERS,115,42
9121005386,THE CHITRODA GROUP SEVA SAHA-,80,42
9121005508,TRILOK HARDWARE,95,427
9121005513,THAKKAR RAMJI VIRJI & SONS,47,11.5
9121005657,MEGHANI TRADING,74,31
9121005819,GAYATRI SALES AGENCY,155,56
9121005820,JAY SHREE MARUTI TRADERS,180,46.25
9121006120,AAI SONAL CEMENT DEPOT,60,30
9121006124,M/s. Ambaji Cement Depot,40,15
9121006126,AGRI BUSINESS CENTRE,55,10
9121006134,ASHARAM CEMENT & SANITATION,323,57
9121006138,ARADHANA TRADING,48,13
9121006140,A-ONE TRADERS,241,25
9121006297,CHANDRESH TRADING,50,10
9121006298,CHAMUNDA CEMENT PIPE INDUSTRIE,19,3
9121006306,ABDULKADAR & BROTHERS,70,14.25
9121006307,ALPA TRADERS,130,45
9121006308,A ONE TRADERS,70,14.5
9121006321,ARIHANT CORPORATION,133,35.5
9121006322,ANAND DISTRIBUTORS,73,61
9121006326,I SHRI TRISHUL CORPORATION,120,3
9121006334,ANIL TRADERS,165,43.5
9121006336,ARIHANT TRADERS,110,53
9121006337,AMRUT TRADERS,170,97
9121006339,AVDHOOT CEMENT & SANITARY,79,15
9121006344,ANURADHA TRADING CO.,163,139
9121006346,AMBICA TRADERS,165,43.5
9121006351,AAKASH CEMENT DEPOT,150,33.5
9121006353,ANAND CORPORATION,300,126.5
9121006359,AMRUT SALES AGENCY,70,54.5
9121006362,ASHOK CORPORATION,125,24.5
9121006364,AGRO SERVICE CENTRE,133,25
9121006366,AMBICA CEMENT SUPPLIERS,312,65
9121006367,AGRO SERVICE CENTRE-UMRETH,60,5
9121006369,AKSHAR HARDWARE,54,26
9121006378,AMAR STEEL,73,5
9121006380,AMARDEEP TRADERS,113,20
9121006381,AMIT TRADERS,142,30
9121006387,ASHOK TRADERS,45,11
9121006389,ANIL TRADERS,140,38.5
9121006397,Anjali Sales Agency,95,28
9121006400,ANIL HARDWARE,120,7
9121006401,ASHAPURA SALES AGENCIES,65,20
9121006402,AARTI CEMENT PROCESS,227,122
9121006421,GEETA CEMENT DEPOT,70,15
9121006422,GANESH H/W AND ELECTRIC STORE,110,26
9121006425,GAYATRI TRADERS (G),80,15
9121006428,GOPAL CEMENT DEPOT,124,52
9121006434,DILIPKUMAR VANMALIDAS MISTRI,55,26.5
9121006436,DIXIT TRADING CO.,68,18
9121006439,DEEPAK SAW MILL,304,228.5
9121006441,BHARAT AGRO CENTRE,485,80.5
9121006443,BHAGWATI TRADERS,239,78
9121006448,BHAVNA TRADERS,615,127.8
9121006452,BHARAT H/W & MACHINERY STORES,135,18
9121006453,BURHANI GENERAL STORES,45,72
9121006457,BHAGWATI TRADERS,55,42.8
9121006458,BHUVNESHVARI CEMENT DEPOT,101,33.5
9121006459,BHARAT CEMENT DEPOT,55,20
9121006461,BHIKHABHAI BHALABHAI & CO.,30,2.5
9121006465,BHAVESH SALES AGENCY,1294,795.55
9121006468,BUILDCARE CORPORATION,133,86
9121006473,BHARAT STEEL SUPPLIERS,173,44.5
9121006480,B. PRAKASH & CO.,323,44
9121006482,BHAGWATI TRADERS,80,35
9121006486,BHAARAT STEEL SUPPLIERS,640,198
9121006490,BANAS CEMENT CORPORATION,100,2.5
9121006493,BIGRI PONSARI VIBHAG VIVIDH-,130,32
9121006496,BHOOMI CEMENT SALES,150,59
9121006502,BAJRANG CEMENT DEPOT,35,13
9121006503,BHATTI CEMENT DEPOT,93,10
9121006504,BHOOMI SALES,35,36.5
9121006508,BOOT BHAVANI TRADERS,295,124
9121006510,BHATTI BUILDING MATERIALS,93,20
9121006512,BAHUCHAR TRADERS,140,27
9121006513,BHAVNA TRADERS(KRISHNANAGAR),30,8.5
9121006515,BAVISHI STEEL TRADERS,204,75
9121006520,BRAHMANI TRADERS(ODHAV),35,5
9121006523,BHUMI TRADING,219,78
9121006534,CHANDAN & COMPANY,60,30
9121006535,CHAMUNDA TRADERS,213,44
9121006537,CHHABADA CEMENT SUPPLIERS,55,10
9121006545,CHAMUNDA TRADERS,162,26
9121006554,JAY TRADERS,15,10
9121006559,JAIMIN STEEL CORPORATION,51,5
9121006562,JAY MAMA TRADERS,120,20
9121006563,J.K.TRADERS,84,17.5
9121006565,JAY AMBE TRADERS,18,5
9121006566,JAY BHAVANI TRADERS,80,30
9121006571,JANTA TRADERS,192,52
9121006579,DIVYA SALES CORPORATION,143,8
9121006583,DEEPCHAND CHAMPALAL KUMAWAT,167,113
9121006596,DHANLAXMI TRADERS,70,27
9121006598,DEGAM GROUP SEVA SAHAKARI-,120,20.5
9121006599,DHARTI ENTERPRISE,25,5
9121006600,DHANANJAY TRADERS,30,10
9121006601,DARBAR CEMENT AGENCY,101,52
9121006607,DILIP PRAFUL & CO.,60,48.5
9121006610,DHANLAXMI BUILDING MATERIALSUPPLIER,101,31
9121006611,DHRUVI CENTRING & TRADRERS,47,32.5
9121006612,DOSHI RIKINKUMAR RAMESHBHAI,140,88
9121006614,DHARATI TRADERS,83,26
9121006617,EVAN TRADERS,102,35
9121006621,GOVINDLAL K. THAKKAR,70,15
9121006622,GUJARAT AUTOMOBILES,100,15
9121006624,GANDEVI TALUKA KHEDUT SAHKARI,580,78
9121006625,GURU DATTATREY TRADERS,170,107
9121006633,GARRISON POLYSACKS PVT LTD,9,5.1
9121006635,GAYATRI MARBLE & KOTAH STONES,45,10
9121006637,GODHARA HARDWARE STORES,550,191.5
9121006643,GEETA TRADERS,175,51
9121006647,GAYATRI CEMENT DEPOT,405,140.75
9121006650,GANESH TRADING CO.,80,30.5
9121006658,GAYU TRADERS,141,8
9121006659,GUJARAT MARBLE & STONE CO.,94,12.5
9121006660,GODAVARI TRADERS,67,6
9121006664,GAYATRI TRADERS,287,78
9121006669,GAJANAND CEMENT DEPOT,43,15
9121006670,G. P.CEMENT CENTRE,164,42
9121006674,GULF STEEL,379,86
9121006682,GANDHI CEMENT AGENCY,213,23
9121006685,GOPAL TRADERS,284,80.75
9121006688,GHANSHYAM TRADERS,226,40
9121006697,MAHALAXMI TRADERS,150,5
9121006710,MAHAVIR CEMENT DEPOT,203,17.5
9121006718,MARUTI MACHINERY STORES,40,20
9121006719,HASMUKHLAL JETALAL SHAH,157,42
9121006721,HASANALI ISMAILJEE & SONS,114,48
9121006723,HARIOM CEMENT DEPOT,143,49
9121006724,HIRAL TRADERS,28,7.5
9121006725,HIMANSHU TRADING COMPANY,115,10
9121006730,HARIOM TRADING CO.,321,75.5
9121006738,HANDA TRADERS,47,3.5
9121006740,HEMANSHU TRADERS,420,66
9121006743,HUSANI TRADERS,80,42
9121006749,H M TRADING,70,15
9121006751,HARIOM SALES CORPORATION,263,61
9121006760,HARIKRISHNA TRADERS,215,31.5
9121006763,HARIKRISHNA SALES CORPORATION,93,30
9121006770,ISHWAR TRADERS,327,55
9121006771,IDEAL STORES,113,875.5
9121006778,JAYCEE AGENCIES,225,97.5
9121006779,J.P.ENTERPRISE,55,20
9121006784,JALARAM FABRICATION WORKS,170,68
9121006786,JAY JALARAM CORPORATION,263,12
9121006787,JANTA PAINTS & HARDWARE MART,205,48
9121006790,JAY VADVALA TRADERS,221,34.5
9121006792,JAY YOGESHWAR SALES CORPN.,51,12
9121006793,JALARAM TRADING,246,121
9121006805,JAYANT TRADING CORPORATION,50,5
9121006810,JAY JALARAM BAPA & SWAMINARA-,265,22
9121006814,JAYVIR CEMENT AGENCY,133,37
9121006825,JAYESH TRADERS,90,60
9121006826,JAY RANCHHOD HARDWARE STORE,64,12
9121006832,JAY TRADING,127,43.5
9121006833,JAGDAMBA TRADERS,115,52
9121006834,JAINAM ENTERPRISE,60,27
9121006837,JAYESH AGENCY,45,5
9121006839,JAY JALARAM MACHINARY & ELEC-,120,14
9121006841,JAY BHOLE DISTRIBUTORS,97,55.5
9121006845,JAY CHAMUNDA BUILDING MATERIAL,80,10
9121006850,RAJ TRADERS,65,27.5
9121006854,RAMANI TRADERS,70,39.25
9121006855,SHREE RAM TRADERS,310,91
9121006857,SWASTIK TRADERS,95,139
9121006861,SHRI MOTI TRADERS,103,12.5
9121006862,SHREE RAM TRADERS,140,20
9121006863,NAGDHARA VIBHAG VIVIDH KARYA-,240,25
9121006864,NAVSARI TALUKA SAHAKARI KHARID,80,17
9121006873,SHREE SAI TRADERS,350,66.5
9121006877,STAR TRADING CO.,35,10
9121006882,SHREE GANESH TRADERS,63,5
9121006886,SURYDIP TRADERS,130,38.5
9121006888,SHREE MAHALAXMI ENTERPRISE,80,8
9121006891,SHREE RAM CEMENT DEPOT,197,96
9121006896,SARASWATI TRADERS,40,11
9121006897,NEW LAXMINARAYAN TRADING CO.,90,28
9121006900,NARENDRAKUMAR SOMJIBHAI,160,24
9121006902,NATIONAL SALES CORPORATION,45,10
9121006905,NEW SAMIR CEMENT SUPPLIERS,108,39
9121006911,SHREE SHARDA VIJAY TIMBER MART,500,139.45
9121006912,SHRI MAHASHAKTI TRADERS,150,30
9121006916,ASHAPURA CONST.SUPPLIERS,250,84.5
9121006918,SUNDESHWARI CEMENT AGENCY,245,30
9121006924,SHREE OM TRADERS,300,48.5
9121006925,SIDDHESHWAR HARDWARE & CEMENT,48,30
9121006926,SHREE CHAMUNDA SAW MILL,335,130
9121006932,N.K. HARDWARE,28,16
9121006933,NARMADA TRADERS,129,46.2
9121006939,SHREE SHAKTI TRADERS,55,10
9121006946,PAL ENTERPRISE,200,127
9121006960,NARMADA CEMENT DEPOT,348,128
9121006976,NIMISHA SALES,128,17.5
9121006982,RAJ TRADERS,127,30.5
9121006986,RADHAKRISHNA BLDG MAT.SUPPLIER,135,44
9121006992,NAZZ TRADERS,9,10
9121006993,NEW SWASTIK CORPORATION,58,15
9121006996,MORI GAVABHAI GAMABHAI & SONS,278,180.25
9121007000,MAULANA TRADERS,184,15.75
9121007003,PATEL & CO.,75,3
9121007005,RAVI BROTHERS & CO,45,36
9121007006,RELIABLE HARDWARE MART,30,13
9121007014,SHREE KAMREJ TALUKA KHARID VECHAN,64,10
9121007016,K.B.DAVE & COMPANY,225,59
9121007017,KHEDUT HUT,230,62
9121007023,MARUTI SALES CORPORATION,25,7.5
9121007026,MAHENDRA TRADING CO.,205,55
9121007029,MAHESH LUBRICANTS,90,6
9121007033,MEHSANA STEEL STORES,40,10
9121007036,SHREE ASHAPURA TRADERS,280,145
9121007038,SHREE DILIPKUMAR JETHANAND,204,60
9121007039,SHRI AMBIKA SALES CORPORATION,73,13
9121007042,SHREE JAYBHAVANI CEMENT AGENCY,140,105
9121007045,SHREE SARDAR BARDOLI TALUKA KHEDUT,233,13
9121007046,SHAILESH A. PATEL,54,12
9121007047,SHREE AMBIKA TRADERS,1700,668
9121007057,KALAL CEMENT SUPPLIERS,588,319
9121007058,KANTILAL & CO.,55,13
9121007059,KISAN CEMENT AGENCY,235,87.5
9121007066,KASTURI TRADERS,120,13
9121007068,KISAN TRADERS,212,41
9121007071,MARUTI TRADING CO.,715,87
9121007075,MAYUR TRADERS,171,85.5
9121007089,SHREE ARIHANT TRADING CO.,132,38
9121007090,SULESHWARI CEMENT DEPOT,105,23
9121007095,SHREE RAM TRADERS,250,68
9121007096,SHRI OLPAD CHORYASI TALUKA,83,18
9121007099,SHREENATHJI BUILDING MATERIALS,105,24
9121007102,SHETH STEEL CORPORATION,150,65
9121007103,SAGAR TRADERS,200,65
9121007106,KAIDEJOHAR M. NALAWALA,511,161
9121007108,KANTIBHAI CHHIBUBHAI AHIR,150,25
9121007111,KALPATARU CERAMIC & BUILD.MATI,925,417
9121007118,KRISHNA TRADERS,80,20
9121007124,MAHALAXMI STEEL SUPPLIERS,150,60
9121007127,MIHIR TRADERS,825,289.5
9121007130,MEHSANA CEMENT DEPOT,83,22
9121007137,PANCHRATNA STEEL & CEMENT,240,71
9121007141,PATEL TRADING CO.,90,50
9121007143,PANKAJ TRADERS,384,112.5
9121007145,OMKAR TRADING CO.,40,30
9121007146,OMKRUPA CEMENT AGENCY,45,62
9121007147,OM TRADERS,25,15
9121007148,RAMJIBHAI GHOHABHAI,176,87
9121007149,RAMKRISHNA HARDWARE,200,65
9121007155,KARAN AGENCY,120,35
9121007158,KARAMBELE VIBHAG KHEDUTONI,120,30
9121007163,KISHAN TRADERS,350,107.25
9121007170,MARUTI CEMENT DEPOT,150,9.75
9121007176,MEHSANA STEEL CENTRE,356,199
9121007178,PADMAVATI TRADERS,35,5
9121007179,RAVI TRADERS,25,16.75
9121007184,R.C.SHAH & CO.,165,8
9121007187,RADHAKRISHANA TIMBER TRADING -,350,39
9121007190,SHRI RAMKRISHNA CEMENT AGENCY,522,253
9121007193,KAILASHPATI TRADERS,84,75
9121007200,KARNAVATI CORPORATION,50,6
9121007201,K.MAHENDRA KUMAR & CO.,40,30
9121007209,M M SALES,155,25
9121007213,MADHAV CORPORATION,125,39
9121007214,M.M.CEMENT DEPOT,39,15
9121007220,SHRI VISHWKARMA ST. & C. SUPP.,190,38
9121007224,SITARAM SANATORY,145,37
9121007228,SIDDNATH ENGINEERING WORKS,152,175.5
9121007229,SHREENATHJI IRON&STEEL TRADERS,90,41
9121007232,SAHAKAR CEMENT SALES DEPOT,167,77
9121007236,SARASWATI ENTERPRISE,218,123
9121007238,SHREE LAXMI TRADERS,150,39.75
9121007248,KANANI ENTERPRISE,48,8
9121007261,MAHALAXMI HARDWARE & ELECTRI-,253,25
9121007265,MAAKRUPA TRADERS,27,15
9121007270,SHREEJI TRADERS,39,15
9121007282,SAGAR CEMENT DEPOT,75,77
9121007290,KANANI SALES CORPORATION,133,34
9121007294,KHORAJIYA CEMENT DEPOT,65,13
9121007296,KISAN HARDWARE STORE,192,56
9121007297,KHODIYAR TRADERS,113,45
9121007303,MEET MARKETING (D),25,5
9121007306,MADNI CORPORATION,208,12
9121007309,MAURYA CEMENT AGENCY,188,12.5
9121007312,SHREE KRISHNA ENTERPRISE,225,56
9121007317,PALSANA VIBHAG DUDH ANE SHAK-,63,12
9121007319,RAKESH TRADING,36,28
9121007321,RANCHHODRAY ENTERPRISE,160,56
9121007323,LOKHANDWALA ENGG. WORKS,486,170
9121007327,MAA GAYATRI TRADERS,550,135
9121007334,MARUTI SALES,9,5
9121007335,MARUTI TRADERS,175,30
9121007345,SHREENATH SALES AGENCY,83,21.5
9121007351,LAKDA WALA CEMENT DISTRIBUTORS,54,13
9121007355,LAXMI TRADERS,300,127
9121007358,LAXMI TRADERS,135,24.5
9121007360,LOKHANDWALA ENTERPRISE,113,5
9121007361,LAXMI ENTERPRISE,143,25
9121007363,MARUTI HARDWARE & PAINTS,67,12.5
9121007364,MANGLA SONS,56,22.5
9121007374,SHREE LAXMINARAYAN CEMENT,304,196.5
9121007383,SHREE SWAMINARAYAN TRADERS,698,293
9121007384,Swaminarayan Cement Traders,100,55
9121007387,SHIVAM CEMENT SUPPLIERS,30,6
9121007393,LAXMI STEEL & FEBRICATORS,1000,297
9121007398,LAXMI SALES,152,90.25
9121007399,LAXMI TRADERS,173,117.5
9121007419,SHIVKRUPA TRADERS,120,20
9121007422,SHRI SEVNI VIBHAG KHETIPAK,153,33.5
9121007428,LAXMI TRADERS,250,107
9121007429,LANDMARK SANITARY,500,186
9121007431,NIMA CEMENT DEPOT,730,112
9121007432,NAGINDAS FULCHAND & CO,120,13
9121007438,PUSHPANJALI CEMENT DEPOT,300,113
9121007441,PATEL CEMENT DEPOT,324,152
9121007446,RAHUL CORPORATION,93,10
9121007448,RIDDHI SIDDHI CEMENT AGENCY,328,203.5
9121009214,LAXMI CORPORATION,148,42
9121009739,MAHAKALI KRUSHI KENDRA,136,48
9121009740,MOURYA MARBLE,544,52.5
9121009742,MALLIKA ENTERPRISE,130,10
9121009794,SHREE UMIYA TRADING CO.,70,67.5
9121009796,PAVAN TRADERS,137,65
9121009797,SHIV AGENCY,762,224
9121009799,SHREE MANDAVRAYJI SALES,525,442.75
9121009887,RACHANA SALES CORPORATION,70,15
9121009888,SHREE NARMADA TRADING CO.,26,10
9121009889,PATEL TIMBER CORPORATION,1100,278
9121009891,PRATAP ENTERPRISE,63,15
9121009892,S.H.PIPEVALA,186,77.5
9121009920,SHREE GAYATRI TRADERS,93,26
9121009922,SHREE HARIKRISHNA TRADING CO.,150,14
9121009949,GURUKRUPA TRADING CO.,150,35
9121010056,AMBICA TRADING CO.,80,29.5
9121010098,BHATIA AGENCIES,410,217.5
9121010146,BHAGYODAY STEEL,400,131
9121010148,BHADRIK TRADERS,61,5
9121010185,GUJARAT CEMENT AGENCY,161,23
9121010213,GHANSHYAM TRADERS (SABARMATI),78,10
9121011647,AMRUT CEMENT,56,7.5
9121011649,AMINBHAI APABHAI,95,76
9121011652,BHARAT AGENCY,37,7.5
9121011665,NAROLA SALES AGENCY,126,21
9121011668,MAHENDRA KUMAR NANJIBHAI,87,20
9121011672,SHREE CHAMUNDA SALES AGENCY,189,94
9121011678,PATEL HARDWARE MART,81,17.5
9121011680,SUNNY TRADERS,31,22.5
9121011693,NILKANTH CEMENT DEPOT,230,46
9121011695,SAURASHTRA AGRO CENTRE,185,36
9121011839,ARIHANT STEEL AND SANITATION,673,525.5
9121011840,ARIHANT SALES,462,31
9121011841,BHAVESH STEEL,1094,388.5
9121011952,MILAN TRADERS,100,30
9121011954,UMA TRADERS,183,39
9121012158,AMIT TRADERS,149,15.1
9121012191,M/S. AVAKAR ENTERPRISE,60,8
9121012214,PARTH TRADING CO.,110,42
9121012226,LAXMI TRDING CO.,60,25
9121012240,UDAY STEEL BUILD,50,16
9121012277,NEW PARIKH STORES,313,88
9121012316,MAA MARKETING,112,73.5
9121012336,MADHAV STEEL AND CEMENT,1193,288
9121012367,SHRI BAL KRUSHNA AGENCY,323,83
9121012389,CHANDRESH TRADING CO.,120,32.5
9121012467,SATYANARYAN TRADERS,345,95.5
9121012507,MANGALMURTI TRADERS,230,43.5
9121012555,MARUTI TRADING,100,30
9121012580,ROYAL SALES AGENCIES,380,72
9121012616,SHREE CHAMUNDA TRADING CO.,77,6
9121012634,HARSIDDH BUILDING MATERIALS,55,5
9121012656,VIKAS SALES CORPORATION,135,35
9121012681,LAXMI TRADERS,28,5
9121012730,JAY JALARAM HARDWARE STORE,60,15
9121012753,SWETA MARBLE & BUILDING,15,12
9121012764,JAY SHIV SHAKTI TRADERS,50,10
9121012781,JAYESH TRADING CO.,89,36
9121012789,MARUTI ELECTRIC AND PLUMBING,100,35
9121012881,SHREE CHAMUNDA STEELS,115,37.5
9121012962,PATEL SALES AGENCY,195,86
9121012967,SARDAR TRADING CO.,125,29
9121012986,MADHAV TRADERS,120,36.5
9121012991,CHAMUNDA HARDWARE,45,26.5
9121012995,GURUKRUPA TRADERS,25,3
9121013007,JAY TRADERS,450,134.75
9121013011,SHIVAM TRADERS,140,105.5
9121013073,SHAH KISHORKANT CHHOTALAL,94,47
9121013078,GOKULESH CEMENT,225,85
9121013084,KALAL TRADERS,14,22.5
9121013093,SANVI SALES,150,41.1
9121013111,SHIV SAI TRADERS,170,39
9121013158,PRUTHVI STEEL SUPPLIER,1500,538
9121013255,KASHYAP ENTERPRISE,640,302.75
9121013287,KAILASH BUILDING MATERIALS SUPPLIER,150,45.5
9121013305,KURESH TRADERS,27,16.5
9121013325,AMBICA STEEL & ENGG. WORKS,490,71
9121013386,GHANSHYAM TRADING CO.,68,2
9121013402,GAYATRI TRADING CO.,139,33.5
9121013429,MAHALAXMI TRADERS,45,12
9121013507,CHETAN R PATEL,150,75
9121013513,HARIKRUSHNA TRADERS,60,40
9121013514,JAY UMIYA TRADERS,50,5
9121013553,OMKAR STEEL,213,22.5
9121013605,SHRI NILKANTH STEEL CORPORATION,181,10
9121013655,MAHESANA STEELS,183,39
9121013714,NARSINH TRADERS,135,65.5
9121013752,SHRI LALSAI TRADERS,60,17
9121013754,GAYATRI TRADING CO.,90,29
9121013800,BHAGWATI STEEL SUPPLIERS,368,13
9121013801,SHAKTI MATERIALS,70,5
9121013813,KAILASH STEEL CORPORATION,173,28
9121013815,AMBICA BUILDING MATERIAL SUPPLIERS,40,5.5
9121013832,CHAMUNDA SALES,76,10
9121013837,JAY BRAHMANI H / W,115,31
9121013885,ACM STEEL SUPPLIERS,70,36
9121013886,KHODIAR ENTERPRISE,215,67
9121013990,KHAMBHAT STEEL & CEMENT,2000,355.5
9121013995,KHODIYAR TRADERS,89,10
9121014066,KRUPALU ENTERPRISE,301,178
9121014067,NAJMI MACHINERY STORES,211,95
9121014068,M.K ENTERPRISE,84,15
9121014072,MAHASHAKTI TRADERS,65,29
9121014115,AGRI BUSSINESS CENTRE,398,20
9121014245,SHREE NAVJIVAN TIMBER TRADERS,120,25
9121014298,DEVAM CORPORATION,420,53.5
9121014303,AMBIKA TRADERS,51,10
9121014357,MARUTI STEELS,400,57
9121014361,JAY BHAVANI TRADERS,54,13
9121014363,GAURANG B DOSHI,326,112.5
9121014385,HAPPY TRADING COMPANY,137,39
9121014387,SHREE VASUDEV HARDWARE,160,31
9121014423,SHREE AMBIKA HARDWARE AND,123,36
9121014426,MADHAV TRADERS,40,10
9121014478,REVABA CEMENT AGENCY,54,88
9121014643,SHREE KRIPAL TRADING CO.,150,53
9121014676,GIRIRAJ CEMENT SALES,140,41.5
9121014680,NETRA TRADERS,93,13
9121014686,SHREE GATRAL TRADERS,110,26
9121014731,KHODIYAR HARDWARE,80,17.5
9121014732,PRATIKSHA TRADING CO.,350,75.5
9121014800,MATAJI HARDWARE,50,20
9121014802,BHOJ ENTERPRISE,63,13
9121014855,D.K. STEEL TRADERS,70,13
9121014868,RAJESH TRADERS,50,10
9121014958,AMAN TRADERS,294,103
9121014997,RAJ MARKETING,100,9
9121015152,SHREENATHJI TRADERS,30,5
9121015153,GOKUL TRADERS,50,10
9121015226,GAYTRI AGRO TRADERS,100,18
9121015232,JAY TRADERS,60,22.5
9121015248,MAHAVIR STEEL CORPORATION,195,52
9121015370,UMIYA TRADERS,160,65
9121015406,BALAJI SUPPLIERS,97,90
9121015502,ARBUDA CEMENT DEPO,45,20
9121015552,SHAMA TRADERS,27,26
9121015553,KEVAL TRADERS,72,8
9121015577,LAXMI TRADERS,227,10.9
9121015587,VINOD STONE SUPPLIERS,173,120
9121015595,SHREE MARUTI HARDWARE AND PLYWOOD,360,58
9121015600,SHRI SIMANDHAR BUILDING MATERIALS,95,64
9121015627,HINDUSTHAN STEEL TRADERS,399,174
9121015628,MALA TRADING COMPANY,205,0.75
9121015630,SHREE AMBICA PIPE FITTINGS,130,13.5
9121015634,ASHAPURI TIMBER MART,45,5
9121015635,OM TRADERS,97,5
9121015658,SHREE LAXMI TRADERS,65,23
9121015659,BABJI CEMENT DEPOT,331,55
9121015663,BHAVANI FERTI HARDWARE AND BUILDING,220,92
9121015855,MAKKAN TRADERS,75,13
9121015858,JAY MARUTI TRADERS,233,64
9121015873,SANTRAM STEEL,100,30
9121015892,SHREE AMBICA TRADERS,125,63.25
9121015910,DHARAM CEMENT,150,38
9121015912,HARDIK TRADERS,145,26
9121015914,SHIV TRADERS,45,13
9121016021,RAJ ENTERPRISES,326,154
9121016026,SOMNATH TRADERS,412,234
9121016044,H. S. STEEL TRADERS,41,3
9121016045,VIKRAM TRADERS,110,10
9121016080,PARAS CERAMIC,313,5
9121016124,SAI CEMENT SUPPLIERS,388,57
9121016151,NANDUBA CEMENT DEPOT,153,93.5
9121016152,SHRI RAM MACHINERY & BUILDING MATER,148,122
9121016163,DARSHINI BUILDING MATERIALS,75,8.5
9121016182,RAHUL STEEL,253,27.5
9121016236,JAY AMBE TRADERS,75,6
9121016303,JALARAM SALES AGENCY,280,66
9121016326,TULSI SALES AGENCY,163,10
9121016431,MAHI TRADERS,120,38
9121016445,BHAKTI SALES,201,45
9121016446,DAYA TRADERS,147,50
9121016459,SHREE NAKODA ENTERPRISE,365,80
9121016460,SHIV SHAKTI SALES,590,282
9121016463,BAPA SITARAM TRADERS,150,63
9121016466,MAHALAXMI HARDWARE AND PLYWOOD,353,39
9121016481,RONVEL VIBHAG KHEDUT SEVA SAHKARI,150,5
9121016506,J. K. TRADERS,67,10
9121016510,SHREEJI ENTERPRISE,120,20
9121016595,SATYAM SALES CORPORATION,93,10
9121016638,AMBIKA TRADERS,713,396.5
9121016639,SHIV SHAKTI STEELS,250,23
9121016647,SHREE KRISHNA STEEL,223,40
9121016648,PATEL CEMENT CORPORATION,83,20
9121016676,JAY AMBE CEMENT DEPO,55,40
9121016756,SHREE MAHAVIR CEMENT DEPOT,105,27
9121016770,ASHISH TRADERS,120,25
9121016840,LUCKY HARDWARE STORE,156,78
9121016873,OM TRADERS,23,15
9121016876,SWASTIK SALES,15,2.5
9121016892,SAMARAT HARDWARE,143,20
9121016893,ZEBA TRADING CO.,70,8
9121016907,SAI BABRIK CEMENT DEPO,170,10
9121016911,AGRI BUSINESS CENTER,140,66
9121016922,RELIEF STEEL AND CEMENT PVT. LTD.,230,88.5
9121017026,ASHISH CORPORATION,145,11
9121017078,RADHA BUILDING MATERIAL SUPPLIERS,55,10
9121017080,SHREE YESHA SALES AGENCY,143,91
9121017177,BRAHMANI TRADERS,70,5
9121017190,SHREE SAIBABA BUILDING MATERIALS,50,6
9121017192,ASHAPURA TRADERS,60,20
9121017320,SHIV KRUPA TRADERS,141,13
9121017321,SHRI GURUKRUPA ENTERPRISES,30,6
9121017333,Shubham Enterprise,11,6
9121017366,JAY MATAJI TRADERS,114,26
9121017368,KAILASH SALES CORPORATIO,40,6
9121017387,SHREE JEENBHAVANI CEMENT AGENCY,113,53
9121017407,MEWAD TRADERS,73,24
9121017412,PREET TRADERS,27,13
9121017503,SHREE DHANLAXMI TRADERS,75,32.5
9121017505,KHATRI GULAMMUSTAFA ISMAILJI,149,50
9121017539,ARBUDA STEEL SUPPLIERS,80,8.5
9121017541,VARDHMAN HARDWARE STORES,120,53
9121017546,OM TRADERS,73,8
9121017582,JAY MAHAVIR TRADERS,120,13
9121017730,PATEL KRUSHI KENDRA,80,42
9121017731,ANIL TRADERS,120,15
9121017777,GAYATRI TRADERS,410,151.5
9121017810,HARE KRISHNA TRADING,30,13
9121017858,KRISHNA TRADERS,245,87
9121017894,HARI KRISHNA STEEL TRADERS,60,16
9121017914,SIDDHIVINAYAK HARDWARE & SANITARYWA,150,51
9121017915,AMBIKA HARDWARE AND SANITARYWARE,145,27
9121017918,SHAKTI TRADERS,120,55.5
9121017920,NANDNI SALES,95,32.5
9121017932,MAMTA STEELS,560,84.5
9121017949,SHUBHAM TRADERS,50,12
9121017950,SHIV TRADERS,50,10
9121017982,SHREE RAM SALES,40,20
9121017992,SHUBHLAXMI TRADERS,135,36
9121017994,SHRADDHA STEEL,327,194
9121018007,GUJARAT STEEL CORPORATION,150,73.25
9121018010,SANGHAVI ENTERPRISE,150,111.25
9121018046,RATHAVA MEGHABHAI BHIKHABHAI,102,15
9121018055,DIYA TRADERS,90,12.5
9121018056,BAREJA TRADING CORPORATION,35,23
9121018067,BAPA SITARAM TRADERS,105,40
9121018105,GALAXY ENTERPRISE,55,43
9121018127,NEW BHAGWATI TRADERS,80,17
9121018136,SHREE KHODAL HARDWARE AND TILES AND,64,12
9121018165,SHRI BHAVANI TRADERS,26,5
9121018209,SHREE GITA TIMBERS,256,13
9121018210,AMBIKA TRADING,96,25
9121018211,SHREE VISHVAKARMA HARDWARE MART,391,77
9121018249,CHAMUNDA TRADING,425,174.5
9121018261,TARA ENTERPRISE,54,26
9121018306,DHANESHWAR TRADING CO.,60,3
9121018311,SHREE RADHESHYAM STEEL CORPORATION,173,30
9121018316,MARUTI TRADERS,131,74
9121018326,YASIN TRADERS,60,12.5
9121018328,SHREE HINGLAJ TRADERS,75,42
9121018343,KALPTARU TRADERS,45,10
9121018381,ARYA STEEL STORES,20,5
9121018398,BHAGWATI BUILDING MATERIALS,220,60
9121018399,M. DEVAM AND CO.,77,10
9121018427,NITYA TRADERS,140,50
9121018442,RAJESHWARI HARDWARE & SANITARY,305,62.75
9121018446,VISHNU CORPORATION,65,5
9121018483,RUSHI ENTERPRISE,50,25
9121018499,BALAJI STONE CO.,80,13
9121018524,SHREEJI ENTERPRISE,19,10
9121018562,BRAHMANI TRADERS,85,34
9121018563,UMA HARDWARE AND PLY,50,7.5
9121018584,SAMIR TRADERS,90,26
9121018621,KHODIYAR CEMENT DEPO,45,10
9121018634,JAY JALARAM TRADERS,350,60
9121018636,SHREE AMBICA SAW MILL,50,25
9121018657,PARTH TRADERS,90,42
9121018680,JAY AMBE STEEL AND CEMENT DEPO,193,60
9121018697,AGRAWAL HARDWARE AND GENERAL STORE,325,87
9121018698,DHANLAXMI TRADERS,223,33
9121018708,UMIYA TRADERS,110,26
9121018743,YAMUNA TRADERS,85,13
9121018762,KUSKIWALA CEMENT DEPO,35,12
9121018763,SANJAY TRADERS,38,25
9121018772,SHAKTI KRUPA TRADERS,200,107.5
9121018773,SHREE GANESH TRADERS,50,10
9121018864,JAY SHRINATHJI BRICKS & STEEL TRADE,414,140
9121018874,LUCKY TRADERS,130,38
9121018875,PARSHWANATH CORPORATION,45,3
9121018879,V.M. BROTHERS,155,55
9121018919,AMBICA TRADING CO.,115,7.5
9121018949,DHANLAXMI TRADERS,145,24
9121018956,AMIN TRADERS,45,15
9121018957,MAHALAXMI TRADERS,113,47.5
9121018975,GAYATRI HARDWARE & STEEL,239,130.5
9121018993,JAY AMBE TRADERS,120,45
9121018994,SHREE MARUTI SALES CORPORATION,80,5
9121018996,ASHAPURA STEEL,164,56
9121019014,BHAVANI SALES AGENCY,183,42.5
9121019015,MAURYA TRADERS,414,70
9121019020,SHREE RAM CEMENT DEPO,185,76
9121019037,SHREE GURUKRUPA STEEL CORPORATION,83,8
9121019040,SHREE KRISHNA BUILDING MATERIAL,90,18.5
9121019108,JALARAM TRADERS,135,50.25
9121019148,KAILASH SALES CORPORATION (ODHAV),90,18.5
9121019163,SHREE RENUKA TRADERS,110,77.5
9121019184,SHREE BIJASAN TRADERS,70,37.5
9121019185,BHARMAL HARDWARE & PAINTS,90,26
9121019191,GAYATRI TIMBER MART,75,42
9121019192,MANHAR TIMBER MART,125,43
9121019234,SHREE DARSHAN HARDWARE,37,8
9121019250,CHAMUNDA TRADERS,234,77
9121019251,MAA SALES,28,10
9121019270,MAMTA ENTERPRISE,360,86
9121019271,SHREE SAI TRADERS,79,96
9121019293,SHREE KRISHNA TRADERS,28,3
9121019298,ARBUDA TRADERS,45,23
9121019329,KARUNA SAGAR TRADERS,30,10
9121019342,SHUBHAM HARDWARE,865,250.5
9121019343,SUNDEEP TRADERS,#N/A,10
9121019359,ARIHANT MARBLE AND CERAMIC,740,382
9121019408,MARUTI TRADERS,63,31.75
9121019412,PRUTHVI FERTILIZERS,775,152.5
9121019418,SHREE SAHJANAND TRADING COMPANY,70,15
9121019440,PATEL DAHYABHAI KHUSHALBHAI,150,28
9121019480,NEW JANTA TRADERS,60,20
9121019482,MAA LAXMI CEMENT ARTICLES,118,50
9121019485,SHREE KHODAL HARDWARE,75,17.5
9121019486,CHAMUNDA TRADERS,37,12
9121019563,GUJARAT STEEL,550,188
9121019588,ULTIMATE STEEL,70,8
9121019590,RADHE STEEL TRADERS,160,22.5
9121019596,MADHULI TRADERS,144,35.95
9121019615,PATEL AGRO AGENCY,145,64.25
9121019650,SHREE CHAMUNDA TRADING,41,12.5
9121019652,ANKITA STEEL & CEMENT SUPPLIERS,105,30
9121019656,SHUBHLAXMI FERTILIZER AND HARDWARE,35,22.5
9121019657,SHREE BAJRANG TRADERS,360,54
9121019661,BHUTAWALA TRADERS,233,83
9121019696,JAY ENTERPRISE,116,23
9121019746,TEJENDRA TRADERS,33,2.5
9121019748,FAKRUDDIN ISUFALI & SONS,52,15
9121019772,S B TRADERS,120,45
9121019797,V. N ENTERPRISE,55,24
9121019844,EKTA TRADERS,92,44
9121019846,BURHANI STEEL,54,16
9121019870,DEEP ENTERPRISE,150,74
9121019871,BAJARANG ENTERPRISE,170,113.25
9121019875,BHAVANI STEEL TRADERS,160,63
9121019876,MISTRY BABULAL ATMARAM,35,13
9121019916,GOOD LUCK STEEL TRADERS,270,61
9121019969,KARTIK .B.CONTRACTOR,110,22
9121019970,CHAWLA TRADERS,100,4
9121019990,MODI CEMENT DEPOT,153,30
9121019991,AHIR ENTERPRISE,270,25.25
9121019997,GOHIL ENTERPRISE,87,77
9121019998,JAY GANESH TILES AND PLYWOOD,15,6
9121020026,BHAVANI TRADERS,70,5
9121020041,ASHA STEEL TRADERS,130,13
9121020042,VINOD TRADERS,64,10
9121020043,SHREEJI CORPORATION,103,20
9121020046,AARTI STEEL,650,312
9121020049,AMI ENTERPRISE,83,8
9121020078,ADARSH ENTERPRISE,200,74.5
9121020093,SHRI HINGLAJ HARDWARE STORE,200,41
9121020097,UMIYA STEEL STORES,150,40.5
9121020098,P.P AND COMPANY,70,24
9121020102,SHUBHAM COMMUNICATION,40,36.5
9121020112,SHREEJI STEEL,130,21
9121020156,VASANI STEEL,45,5
9121020197,SHAKTI TRADERS,120,36
9121020213,NAGNESWARI TRADERS,90,30
9121020272,M.R DAVE AND SONS,55,24
9121020273,GAYATRI TRADERS,100,10
9121020274,A K AND COMPANY,50,26
9121020337,SHIV SAGAR ENTERPRISE,45,115.5
9121020377,YOGI SALES AGENCY,289,84
9121020388,SHIVAM SALES & SERVICE,50,15.5
9121020418,JAYVIR TRADERS,30,5
9121020420,GOLDEN CERAMIC AND CEMENT,258,82
9121020433,NEW MAHESHWAR  STEEL,260,97.75
9121020478,SHREE MAHAKALI TRADING CO.,50,15
9121020509,JAY VARUNESHWAR CEMENT AGENCY,75,28.5
9121020558,RAJ HARDWARE,149,31
9121020584,AMBIKA SALES AGENCY,265,110
9121020587,YOGIRAJ ENTERPRISE,88,36
9121020588,GOVERDHAN ENTERPRISE,88,36
9121020601,MODI ENTERPRISE,243,77
9121020610,H K CEMENT DEPO,115,26.55
9121020612,GANESH TRADING CO,165,25
9121020649,JALARAM ENTERPRISE,140,41
9121020672,VALLABH TRADING,97,19
9121020675,SHREENATHJI SALES,242,126.15
9121020678,SHREE HARI TRADERS,105,45
9121020683,VISHVAKARMA HARDWARE,123,26
9121020684,NEW H.S TRADERS,21,3
9121020686,GUJARAT MARKETING,85,51
9121020700,JAGDISH TRADERS,45,10
9121020745,BHARAT MARKETING,45,13
9121020749,M/S.MAKAATA AND SONS,25,30
9121020758,EKTA SALES,285,49.5
9121020823,PARTH TRADING CO,70,20
9121020874,PATEL SALES CORPORATION,223,41
9121020875,PATEL ENTERPRISE,173,65
9121020877,PATEL BROTHERS,183,50.5
9121020878,J . PATEL & SONS,133,20
9121020879,DINESH ENTERPRISE,123,30
9121020880,SIDDHARTH TRADERS,253,145
9121020881,PATEL ASSOCIATES,257,20
9121020883,SHANTAM TRADELINK PVT.LTD,273,52.85
9121020884,PATEL TRADERS,449,185
9121020913,SHIV SHAKTI STEEL AND BUILDING MATE,60,15
9121020930,NAVDURGA ENTERPRISE,66,28
9121020932,SHRI KHODIYAR TRADERS,89,36.5
9121020982,OM TRADERS,20,74
9121021067,RAM RAHIM TRADERS,195,19.25
9121021070,SHREE RANCHHODRAI TRADERS,65,16.5
9121021096,MARUTI HARDWARE,360,113.5
9121021105,MANAV TRADERS,88,36
9121021121,OM SAINATH STEEL,350,156.5
9121021177,DURGA TRADING COMPANY,80,35
9121021207,M H TRADING COMPANY,90,10
9121021208,PATIDAR STEEL,225,34
9121021254,ADVAIT STEEL SUPPLIERS,200,102.5
9121021257,SHREE RAJ RAJESHWARI TRADERS,75,32
9121021265,PANCHARATNA STEELS,275,116.5
9121021323,KHODIYAR TRADERS,65,13
9121021327,OMKAR TRADERS,100,11.5
9121021430,REKHA ENTERPRISE,66,13
9121021458,SHRINATHJI TRADERS,85,35
9121021473,AADINATH HARDEARE AND ELECTRICALS,83,26
9121021479,JAY ENTERPRISE,71,4.25
9121021492,SHIV TRADERS,130,22.5
9121021521,THE MATAR TALUKA SAHAKARI KHARID,30,5
9121021532,HARESH TRADERS,45,20.5
9121021551,MAHALAXMI  HARDWARE,60,15
9121021613,SHRI SHIVSHAKTI SALES CORPORATION,80,10
9121021618,SANKET TRADING AGENCY,61,19
9121021696,SADGURU TRADERS,450,104
9121021701,SHREE GIRIRAJ TRADING CO.,26,5
9121021706,SHIV TRADERS,200,59.5
9121021734,Haji Abdul Rehman Mohmadhusain Panc,35,23.5
9121021735,OM BUILDING MATERIAL & SUPPLIERS,#N/A,90
9121021760,SHIV SHAKTI CORPORATION,50,6
9121021766,JALARAM STEEL TRADERS,287,78
9121021769,SATYAM CEMENT,150,50
9121021781,MOHSIN BUILDING MATERIALS SUPPLIERS,230,66.05
9121021784,MORBIA TRADERS,45,10
9121021787,SHREE SAHAJANAND TRADERS,36,13
9121021791,HARIOM AGRO SEEDS,80,42.5
9121021792,AMBIKA ENTERPRISE,267,81
9121021803,BHAGWATI HARDWARE STORES,58,25
9121021893,SHREEJI TRADERS,43,17
9121021950,N.K.ENTERPRISE,75,20
9121021963,SANDIP TRADERS,100,24
9121021964,KESHAV ENTERPRISE,183,10
9121021971,SHIVANI CORPORATION,130,32
9121021980,GITA TRADERS,46,5
9121021994,RAM TRADERS,275,109
9121022004,VARSHA TRADING CO.,15,10
9121022005,Bansi Traders,150,49.5
9121022025,BADSHAH TRADERS,90,26
9121022039,YOGI SALES CORPORATION,150,37.5
9121022042,JAY AMBE  TRADERS-KAROLI,100,22.5
9121022067,MEHSANA TRADERS,397,178
9121022079,SATADHAR TRADING CO,566,254
9121022090,SHANTINATH MARBLE AND CERAMIC,350,211.5
9121022144,MAA STEEL TRADERS,173,13
9121022152,KRISHNA TIMBER MART,210,78
9121022191,J.R.ENTERPRISE,41,10
9121022192,NILKANTH HARDWARE,90,22.5
9121022211,NAYAN ENTERPRISE,185,38
9121022248,CHAMUNDA TRADERS,80,30.5
9121022274,KRISHANA TRADERS,153,34
9121022276,SHREE CHAMUNDA HARDWARE,103,25
9121022325,JAY CHAMUNDA TRADERS,385,141.5
9121022328,MURLIDHAR ENTERPRISE,180,66.5
9121022338,M.S.CEMENT DEPO,519,210
9121022371,SHREE SIDDHESWARI TRADERS,100,28
9121022423,KUBER TRADERS AND HARDWARE,75,11
9121022435,SHREEJI TRADERS,40,12
9121022450,ROYAL STEEL,139,28
9121022480,SHREE KHODIYAR TRADERS,75,1
9121022484,CHAMUNDA  TRADERS,75,24.5
9121022563,SANDIP CORPORATION,200,30
9121022564,RAMANLAL MULJIDAS SHAH,160,55
9121022584,JALARAM TRADERS,46,5
9121022595,SARVODAY STEEL CENTER,184,42.5
9121022598,R.R.SHAH AND CO.,178,116
9121022607,ADITYA ENTERPRISE,965,495.95
9121022620,CHAMUNDA BUILD ZONE,30,30
9121022654,SHREE KRUSHNA TRADING,65,8.5
9121022678,CHIRAG CORPORATION,458,5
9121022708,RAVESHI TRADERS,95,33.5
9121022714,RAJWADI TRADERS,85,17
9121022722,PATEL TRADERS,162,72
9121022736,BIJAL ENTERPRISE,45,15
9121022771,BALAJI TRADERS,50,10
9121022781,JAY JALARAM MACHINERY STORES,180,46
9121022828,SHIVAM HARDWARE,70,5
9121022832,BEST TRADERS,300,75
9121022849,KRISHNAKANT R PANCHAL,116,13
9121023023,JAYSHREE AMBE TRADERS,40,5
9121023039,SHREE ASHAPURA  TRADERS,90,30
9121023046,JALARAM TRADERS,140,100
9121023048,ISHAN CORPORATION,480,140
9121023087,RAJTILAK TRADERS,200,42
9121023094,PATEL AGENCY,83,47.5
9121023112,VIJAY SALES CORPORATION,201,136.5
9121023116,R.P.ENTERPRISE,100,9
9121023120,K.K.TRADERS,100,26
9121023155,SAHKAR TRADING CO.,35,15
9121023167,LAKULISH TRADERS,160,61
9121023170,NIRANJAN CORPORATION,283,59
9121023223,SHREE JALARAM CARTING AND SUPPLIERS,207,77
9121023250,SHREE KHODIYAR SALES AGENCY,19,10
9121023305,S J Traders,100,40
9121023398,UMA HARDWARE & SANITARY,90,17.5
9121023446,SHREE BHARESHWAR ENTERPRISE,9,2.5
9121023450,SHREE SAI TIMBER,280,101
9121023452,DWARKESH STEEL AND CEMENT,72,32
9121023463,NISHITH TRADERS,61,20
9121023474,OMKAR CERAMIC,200,13
9121023489,SHREE SAI TILES AND SANITARYWARE,40,10
9121023495,SHREE MANOKAMANA TRADERS,55,5
9121023528,GUJARAT TRADERS,113,43
9121023556,NIRMAL TRADERS,56,15
9121023574,PRAGATI SALES,192,52
9121023577,GAUTAM TRADERS,38,7.5
9121023578,VANDAN TRDING COMPANY,285,92.5
9121023579,SHREE UMIYA TRADERS,26,6
9121023631,SHIV STEEL TRADERS,28,7.5
9121023640,VIPUL SALES CORPORATION,70,30
9121023651,DREAM ENTERPRISE,148,33
9121023676,Shiv Building Materials,65,15
9121023688,SHYAM TRADING COMPANY,240,55
9121023689,MAA PARVATI TRADERS,140,34
9121023692,PRAMUKH ENTERPRISE,200,30
9121023729,KRUSHI DEPO,85,70
9121023730,KHODIYAR TRADERS,100,20
9121023733,BHAVESH ENTERPRISE,157,15
9121023737,DIVYANSH TRADERS,45,10
9121023769,SHREE AAIJI HARDWARE,255,73
9121023781,DEVIKRUPA SALES,20,10
9121023802,SHREE RAM TRADERS,173,28
9121023879,SHREE GANESH TRADING,175,36.5
9121023913,SHREE NILKANTH TRADERS,#N/A,15
9121023914,JAY AMBE TRADERS,45,26
9121023957,DEVIKRUPA TRADERS,80,30
9121023984,SOHAM TRADERS,113,40
9121023990,MARUT TRADERS,35,5
9121023995,SHREE HARSIDDHI MARBLE,75,17.5
9121024011,SAGAR ENTERPRISE,700,248.5
9121024048,DHARTI TRADERS,60,5
9121024050,ANSH TRADERS,250,78
9121024059,ARBUDA TRADERS,35,41
9121024136,A.A.MAKARANI,1162,25
9121024142,PARAWALA TRADERS,72,169
9121024165,GAYATRI HARDWARE,15,3
9121024169,MEHSANA STEEL TRADERS,27,7
9121024212,NARAYAN ENTERPRISE,252,46.5
9121024354,MAYUR ENTERPRISE,474,103
9121024355,SAVAN SALES CORPORATION,63,25
9121024532,KAVISHA ROADLINES,45,30
9121024536,Poonam Traders,40,5
9121024537,MARUTI SALES CO.,150,10
9121024609,RAJ CHAMUNDA TRADERS,135,56
9121024611,SHREE LAXMI TRADERS,20,6
9121024612,SOHIL TRADERS,110,40
9121024629,PATEL TRADING,69,21
9121024641,AGRI BUSINESS CENTER,116,27
9121024688,SHREE KAMNATH FERTILIZERS,50,12
9121024692,ADARSH TRADING CO.,45,15
9121024698,SHREE ASHAPURA IRRIGATION,75,30
9121024726,A. A. TRADERS,45,10
9121024828,RAMDEV TRADERS,70,26
9121024916,SATYAM ENTERPRISE,#N/A,18
9121024922,JAY SHREE MOMAI CEMENT AGENCY,45,22
9121024960,MORAR STONE CORPORATION,147,50
9121025006,SHIVAM MARBLE,35,28
9121025040,SHREE KUBER TRADERS,187,51.5
9121025102,ASHAPURI ONE STOP SOLUTION,45,5
9121025233,PRAMUKHRAJ TRADERS,90,52
9121025250,SAGAR CEMENT,40,8
9121025296,SHIV TRADERS,45,10
9121025297,SHIV STEEL CORPORATION,478,36
9121025299,KRISHNA SALES,83,20
9121025338,KIRAN TRADERS,185,77.3
9121025386,KHODIYAR STEEL CORPORATION,243,38
9121025392,I SHREE KHODIYAR ENTERPRISE,133,60
9121025410,SHREE JALARAM TRADERS,66,15
9121025446,BALAJI ENTERPRISE,125,35
9121025454,JALIYAN STEEL TRADERS,162,78
9121025456,HARI OM HARDWARE,111,39
9121025457,JAI DURGA INDUSTRIES,120,40
9121025458,SHREE CHAMUNDA TRADERS,25,12
9121025462,GANESH MARKETING,210,127
9121025470,OM SAI HARDWARE,76,50
9121025529,TARA TRADERS,300,70.5
9121025546,SHREEJI STEEL AND CEMENT,83,37.5
9121025549,SONAL ENTERPRISE,320,120.5
9121025550,ASHIRVAD FARM CARE - GANDHINAGAR,60,5
9121025555,JAY GANESH TRADERS,31,18.5
9121025568,J K Trading- Mahuva.,164,73.75
9121025594,UMIYA BUILDING MATERIALS SUPPLIARS,30,20
9121025602,MAHI TRADERS,100,58
9121025613,MIRACLE ENTERPRISES,580,303.75
9121025642,GAYATRI BUILDING MATERIALS SUPPLIER,125,30
9121025644,STAR CARTING,72,13
9121025652,GOKUL TRADERS,19,12
9121025691,UMIYA TRADING,80,24
9121025768,MADHAV TRADING CO.,279,49
9121025795,SHIV ENTERPRISE,369,53.5
9121025843,AGRAWAL MARKETING,85,18
9121025933,VINAYAK ENTERPRISE,60,50
9121025934,ZAID ENTERPRISE,200,86
9121025935,JALARAM TRADERS,180,87
9121025956,SAI TRADERS,440,201.5
9121025973,MAHADEV STEEL,91,13
9121025991,RAMDEV TRADERS,27,30
9121026050,GURUKRUPA TRADERS,49,15
9121026082,NAGDEV TRADERS,460,109
9121026104,SHREE SAINATH HARDWARE,83,13
9121026185,ASHOK STEEL TRADERS,1446,763.75
9121026202,BHAGYALAXMI TRADERS,105,30
9121026203,K. J. ENTERPRISE,68,25
9121026204,SHREE RANCHHODRAY TRADERS,45,3
9121026206,SHREE PUSHPAM TRADERS,63,22.5
9121026252,PATEL BROTHERS,102,13
9121026285,SHIVAM TRADERS,55,3.5
9121026329,KISHAN STEEL AND PLY,160,14
9121026333,SHREE RAGHUNATH TRADERS,579,164.5
9121026387,PRANAMI CORPORATION,410,60
9121026438,PATEL RAVJIBHAI RUDABHAI,330,39
9121026443,RG'S ENTERPRISE,82,20
9121026450,DEEP TRADERS,40,10
9121026472,GUJARAT STEEL SUPPLIERS,40,10
9121026503,TAMANNA SALES,163,37
9121026526,DHRUV STEEL,70,26
9121026552,NAKODA TRADERS,142,25
9121026614,SHREE SHIV SHAKTI STEEL,30,10
9121026616,MADHAV TRADERS,300,189.5
9121026617,SHREE BHAGVATI SAW MILL,63,10
9121026644,SANA TRADERS,30,12
9121026660,SHREE GANESH TRADERS,#N/A,91.5
9121026665,SHREE KASHATABHANJAN TRADERS,66,27
9121026672,RUTU  TRADING,110,42.5
9121026699,LALIYA HANUMAN SALES,93,38
9121026708,ANU TRADERS,346,131
9121026744,M/S AMRUT TRADERS,238,107.25
9121026763,S. B. CHAUDHARY TRANSPORT,45,1
9121026787,SHIV CARTING,#N/A,40.5
9121026812,ANAND TRADERS,26,13
9121026814,SHREE HARI TRADERS,100,39
9121026828,SHREE ANAND TRADING CO,120,45.25
9121026849,AONE HARDWARE,30,11
9121026861,SIDDHI VINAYAK ENTERPRISE,185,53
9121026862,MARUTI CERAMIC,110,52
9121026877,SWASTIK TRADING COMPANY,55,15
9121026912,M.S TRADING CO.,65,33
9121026919,SHREE KRISHNA AGENCY,90,12
9121026957,MITTAL TRADING CO,40,3
9121027016,LAXMIKRUPA HARDWARE,145,64
9121027032,VIJAY MARKETING,45,13
9121027056,SHREE GANESH TRADERS,225,33
9121027058,BRAHMANI TRADERS,85,5
9121027061,LAVISA TRADERS,171,25
9121027133,KALPNA ENTERPRISE,28,5
9121027184,NOBALE ENTERPRISE,113,51
9121027185,VISHAL TRADERS,58,16.5
9121027207,MANISH CEMENT DEPO,700,132.5
9121027211,VARDAN ENTERPRISE,862,109.5
9121027246,SHIV SHAKTI TRADERS,50,28
9121027250,SHRINATHJI HARDWARE & PAINTS,323,15
9121027286,VIJAY TRADERS,28,36
9121027287,KALIM STEEL TRADERS,305,132.75
9121027352,BURHANI STEELS,195,105
9121027359,GURUKRUPA STEEL TRADING CORPORATION,300,116.85
9121027373,MISTRI ENTERPRISE,90,70
9121027374,TRIVENI TRADERS,72,25
9121027403,AGRI BUSINESS CENTER,80,40
9121027404,VIRAL TRADERS,100,47.5
9121027413,R M CONSTRUCTION,55,6
9121027414,UMIYA TRADING COMPANY,38,6
9121027424,RAJAL TRADERS,50,5
9121027432,NAVRANG TRADERS,160,42
9121027446,SHREE ADINATH SUPPLIERS,141,26
9121027459,VRUNDAVAN TRADERS,225,80.25
9121027483,SHREE GOUTAM TRADERS,250,79.5
9121027488,MAHANT ENTERPRISE,25,15
9121027505,MAHADEV SALES,335,65
9121027520,GURUKRUPA MARKETING,395,99
9121027523,SIDDHI SALES,245,164
9121027534,SANDIP TRADERS,3,3
9121027563,SHIV SHAKTI TRADERS,23,15
9121027606,GIRNAR TRADERS,352,210
9121027655,DAIVIK TRADERS,300,86
9121027671,DEEPAK STEEL CORPORATION,149,5
9121027704,SHREE SANT KRUPA TRADING,201,67
9121027726,GIRIRAJ STEEL TRADERS,300,57
9121027746,SHIV TRADERS,100,12
9121027757,KRISHNA TRADERS,15,8
9121027758,SHRI RAJ TRADERS,171,96
9121027761,SHREE ABHYAY TRADERS,155,54
9121027762,K.C.TRADING,35,6
9121027768,VANSH ENTERPRISE,45,15
9121027831,A S CARTING,64,10
9121027832,PARAS ENTERPRISE,54,5
9121027839,KOVADIYA TRADING COMPANY,50,17
9121027846,HONEST TRADERS,23,5
9121027855,LAXMI TRADING CO.,95,25
9121027896,ANAND BUILDING MATERAILS SUPPLIERS,70,18.5
9121027902,OM SHAKTI STEEL,175,45
9121027958,SHIVAM MARKETING,173,85.5
9121027959,PARAS HARDWARE,418,46
9121027981,VISHVAKARMA TRADING,#N/A,5
9121028005,ABBASI A KHADPAWALA,124,45
9121028006,RAJESH GENERAL STORES,35,15
9121028047,GANESH STEEL CORPORATION,100,20
9121028048,JAY BHAVANI TRADERS,23,5
9121028057,SAIYED GAZI CEMENT AGENCY,457,128
9121028064,SHREENATH CEMENT DEPO,136,26
9121028087,KADRI TRADERS,72,15
9121028092,SHREE GANESH TRADERS,90,5
9121028098,SADHI KRUPA TRADING,130,42
9121028117,SHREEJI TRADERS,160,48.5
9121028118,RENUKA ENTERPRISE,50,30
9121028124,AKHLAK TRADERS,57,15
9121028125,SHREE JAGDISH TRADERS,94,19
9121028126,ROYAL STEEL,450,143
9121028138,SHREE CHAMUNDA TRADERS,50,10
9121028173,KRISHNA CEMENT AGENCY,144,52
9121028227,JYOTI HARDWARE,35,10
9121028296,YOGI HARDWARE AND TRADERS,120,50.5
9121028322,VRUNDAVAN CEMENT & STEEL,#N/A,5
9121028345,SHREE AMAR TRADERS,61,22.5
9121028357,KOTESHVAR TRADRS,95,20
9121028373,KULDEVI KRUPA,45,12
9121028393,JAYSHREE BAJARANG TRADERS,14,13
9121028402,CHITRODA STEEL TRADERS,134,26
9121028403,SHANTI SALES,167,5
9121028439,AAVKAR TRADERS,60,32
9121028479,RAJ STEEL TRADERS,285,68.5
9121028515,JAY KHODIYAR ENTERPRISE,400,147.5
9121028521,SHREE SAMBHAVNATHA ENTERPRISE,505,266
9121028569,SHREEJI MARBLE,165,127
9121028581,AKSHAR SALES,170,75.5
9121028610,VIJAY ENTERPRISE,30,5
9121028692,MODI JAYANTILAL BABALDAS,160,45
9121028757,SHREE DWARKADHISH BUILD MART,45,32
9121028761,BHAGYODAY ENTERPRISE,30,25
9121028762,SHYAM ENTERPRISE,127,41
9121028798,AGRI BUSINESS CENTER,50,13.5
9121028823,SHRI GAJANAND TRADING COMPANY,187,67
9121028834,SHIV ENTERPRISE,45,48.5
9121028914,JANTA STORE,30,7.5
9121028915,GURUKRUPA TRADERS,514,226
9121028923,S M B TRADING,35,2.5
9121028926,DHAIRYA TRADING,45,8
9121028940,RIDDHI SIDDHI TRADERS,141,24.5
9121028952,BHAGYALAXMI ENTERPRISE,45,12
9121028957,SHREE MAHAKALI ENTERPRISE,35,5
9121028976,KRISHNA ENTERPRISE,63,2
9121028986,SWARA ENTERPRISE,55,12
9121029012,VRAJ ENTERPRISE,60,15
9121029014,RAJESHWARI PAINT AND HARDWARE,215,58
9121029023,D P STEEL,150,95.5
9121029049,KRISHNA ENTERPRISE,100,26.5
9121029058,SHREEJI STONE SUPPLIERS,35,3
9121029109,BAHUCHAR TRADERS,100,12
9121029155,CHAMUNDA TRADERS,60,25
9121029206,SHREE UMIYA TRADERS,175,47.5
9121029207,DEV NARAYAN TRADERS,58,23
9121029218,SHIVSHAKTI TRADING,57,5
9121029236,JALARAM TRADERS,280,28.5
9121029251,JAY JOGANI TRADERS,75,29
9121029267,SHRI JALARAM MARBLE,150,57.5
9121029277,SEMOJ ENTERPRISE,60,26
9121029300,RADHAKRUSHNA HARDWARE & ELECTRIC,35,7.5
9121029360,SANT KRUPA TRADERS,134,40
9121029364,MAA ENTERPRISE,350,198.05
9121029382,DVIJ ENTERPRISE,128,23.45
9121029403,KAIVAL KRUPA_CORPORATION,98,13
9121029406,SHIV SHAKTI HARDWARE,115,13
9121029435,SHANTI STONE AND LIME INDUSTRIES,30,2.5
9121029460,SHREE DWARKADHISH ENTERPRISES,55,10
9121029469,SHRI VISHVKARMA STEEL,165,108.5
9121029472,NAGNESHWARI TRADERS,80,26
9121029491,SHAKTI KRUPA HARDWARE,59,11.5
9121029519,SHREE MADHUSUDAN ENTERPRISE,82,10
9121029533,NARAYAN TRADERS,115,42.5
9121029545,JALARAM TRADERS,45,15
9121029581,GURUDEV TRADERS,10,10
9121029582,PANCHMAHAL TRADERS,110,41.75
9121029584,KESARI NANDAN MARKETING,292,385.75
9121029591,MELDI MAA TRADERS,140,94.5
9121029615,KANAIYA BUILDING MATERIALS,100,5
9121029651,SHREENATHJI ENTERPRISE,70,53
9121029661,GURUKRUPA TRADERS,183,52
9121029667,SHIVAM CEMENT DEPO,240,122.5
9121029679,MEET ENTERPRISE,135,65
9121029700,SHREE ASHAPURA ENTERPRISE,60,26.8
9121029715,PATEL STEEL,19,22.5
9121029729,SHREE ASHAPURA STEEL BLDG MATERIAL,115,73.25
9121029746,DODIYA TRADERS,50,26
9121029774,SANGHVI HIRALAL AND BROTHERS,90,42
9121029792,TAWAKKAL TRADERS,29,11
9121029822,JAY BABARI TRADERS,25,12
9121029846,ARBUDA ENTERPRISE,110,66
9121029859,DALWADI ASHUTOSH,76,15
9121029860,DIWANI TILES,105,40
9121029866,RAMDEV ENTERPRISE,44,10
9121029867,DIPAK SANITARY STORES,23,11.25
9121029880,JAY MATAJI TRADERS,120,30
9121029882,SHREE VAHANVATI TRADERS,50,15
9121029884,MEMON TRADERS,70,5
9121029885,SHRRENATHJI TIMBER MART,38,21
9121029890,GURUDATTATRAY STEEL CORPORATION,3,3
9121029892,JALARAM CHUNA BHANDAR,60,20
9121029896,NILKANTH TRADERS,100,42
9121029915,OM TRADERS,78,25
9121029932,VRUNDAVAN TRADERS,50,5
9121029936,SHYAM ASHA SENATORIES,101,10
9121029957,SHREEJI CEMENT PRODUCTS,50,5
9121030033,SRI SRI GURUDEV SALES,209,80
9121030067,MEHTA BIPINCHANDRA KANCHANLAL,138,76
9121030100,POLYMER AGENCY,285,144.5
9121030151,M/S PARISHRAM TRADERS,150,48
9121030165,C B SHAH,65,10
9121030170,SAIRAM TRADERS,60,19
9121030187,SATYAM MARBAL,90,40
9121030223,SHREE RAM ENTERPRISE,30,17
9121030230,SHIV SHAKTI TRADERS,60,20
9121030248,LIBERTY ENTERPRISE,141,20
9121030255,ROHAN ENTERPRISE,123,46
9121030257,PRAMUKH SALES CORPORATION,160,56.5
9121030259,SUN ENTERPRISE,95,25
9121030266,MADHAV TRADERS,95,12.5
9121030331,AKSHAT TRADERS,64,30
9121030338,VISHWASH MARKETING,45,10
9121030346,HABIB CEMENT DEPO,103,26
9121030360,SHIV POOJA ELECTRIC & HARDWARE,100,27
9121030361,RAJARAM BUILDING MATERIAL,100,35
9121030368,SHREE BHAVANA SALES,#N/A,15
9121030419,ASHOK STEEL TRADERS,243,108.75
9121030453,SHREE SHYAM TRADERS,61,26
9121030485,RADHAKRISHNA TRADERS,55,34
9121030488,ROYAL TRADERS,529,167
9121030512,SOFIYA ENTERPRISE,27,13
9121030556,INDIA TRADERS,36,13
9121030570,FAIZ TRADERS,89,26
9121030574,ARBUDA TRADERS,200,77
9121030578,KURESHI SALES,44,49
9121030600,BHUDHAR ENTERPRISE,450,146
9121030623,DRYCON CORPORATION,90,38
9121030624,UMAPATI TRADERS,160,26
9121030662,VRUNDAVAN TRADING CO,60,30
9121030664,MARUTI MARBLES TILES & BUILDING,90,30.5
9121030671,OM TRADERS,120,26
9121030672,NIRAV SAW MILL,39,7
9121030673,SIDDHESHWARI HARDWARE,50,10
9121030699,SHREE BHAGWATI TRADERS,75,13
9121030741,MARUTI STEEL,125,36.5
9121030774,SHREENATH ENTERPRISE,75,10
9121030790,HINGLAJ ENTERPRISE,200,113.75
9121030816,SHIV SHAKTI TRADERS,23,5
9121030835,RADHE TRADERS AND HARDWARE,80,17.95
9121030836,SHAHID TRADERS,120,23.75
9121030840,OM ENTERPRISE,155,36
9121030851,SIDDH SHILA TRADERS,156,81
9121030861,SHREE GOGAJI TRADERS,60,10
9121030871,ALTAFHUSEN ABDULHAMID MAFAT,261,143
9121030922,SHUBH ENTERPRISE,40,13
9121030929,VISAT TRADERS,50,5
9121030932,LALJIBHAI PRAHLADBHAI,45,10
9121030950,MAA HARSIDDHI TRADERS,50,35.5
9121030994,SHREE LAXMI TRADERS,150,45
9121031032,DWARKESH TRADERS,75,2.5
9121031055,SHREEJI TRADERS,70,7.5
9121031091,HIMALAY TRADERS,75,10
9121031134,SHRI AMBICA TRADERS,73,25
9121031211,HARIOM TRADERS,175,64
9121031221,S. H. PATEL TRADING CO,66,13
9121031294,RAMKRISHNA ENTERPRISE,151,107
9121031310,GUJARAT TRADERS,65,20
9121031333,BHERUNATH STEEL AND TRADING COMPANY,20,27.5
9121031388,SIDDHARTH SHARADKUMAR SONI,46,25
9121031487,ABUBAKAR OSMAN SAMA,50,24
9121031488,SHREE BHAGWATI CORPORATION,40,3
9121031503,SRI AMBICA TREDARS,75,25
9121031554,BHAGVATI STEEL,60,10
9121031573,I G HARDWARE ELECTRICAL AND CENETOR,100,20
9121031585,HARIKRUSHNA SANATARY STORES,150,39
9121031586,KAMDHENU STEEL TRADERS,110,35.25
9121031636,SHRI HARIHAR TRADERS,125,54
9121031649,SHREE RAJ SHYAMAJI TRADING CO,192,57
9121031658,RAJ MARKETING,90,42
9121031696,AMBIKA STEEL AND CEMENT,350,66.5
9121031712,ARVA TRADERS,150,42.5
9121031714,SWASTIK BUILDMART,203,42.5
9121031719,KISAN CEMENT ARTICLE & STEEL,60,24
9121031721,I.G.STEEL & BUILDING MATERIALS,80,41.5
9121031730,PATEL CERAMIC,8,6
9121031731,SHREE SHIV TRADERS,50,34
9121031771,NILKANTH TRADERS,88,19
9121031803,ADARSH TRADERS,100,5
9121031819,S K TRADERS,60,24
9121031848,ROYAL ENTERPRISES,70,18.5
9121031853,AMBICA INFRA MART,100,10
9121031875,PACIFIC STEEL TRADERS,50,5
9121031889,NAKODA MARBLE & CERAMIC,83,23
9121031902,JAY RAMDEV STEEL,123,25
9121031985,BAPA SITARAM TRADERS,40,12
9121031997,GIRIRAJ AGRO,10,20
9121031999,MADHUVAN TRADERS,10,5
9121032013,MIHIR TRADERS,33,3
9121032014,JANKI STEEL,40,10.5
9121032068,RATILAL HIRACHAND TALATI,40,17
9121032069,MAA TRADERS,140,20.5
9121032072,SHIV TRADERS,75,47
9121032075,UGAMGURU HARDWARE,53,12
9121032078,MARUTI TRADING CO,85,32
9121032100,SHIV SHAKTI TRADERS,54,12
9121032118,PANKAJ TRADING COMPANY,75,50
9121032119,SHREE RAM ENTERPRISE,37,40
9121032150,VRUNDAVAN CERAMIC,250,47.5
9121032160,BHUVNESHWARI ENTERPRISE,300,574
9121032171,AAIKRUPA ENTERPRISE,35,15
9121032193,SAGAR SALES AGENCY,44,22
9121032198,MAHALAXMI TRADERS,100,36.95
9121032220,DADA HARDWARE,40,20
9121032229,CHAMUNDA CEMENT AND BLOCK,80,22.5
9121032244,SHREE MOON TRADING,40,7.5
9121032275,AARADHYA TRADERS,75,39
9121032276,VARDHMAN CEMENT CORPORATION,45,15
9121032278,PARAS ENTERPRISE,665,1568
9121032282,SHREE SHIVAM TRADERS,80,25
9121032287,SAMTA HARDWARE,133,12.5
9121032295,PRIME SERVICES EXPORTS PVT LTD,30,12
9121032307,NEELKANTH ASSOCIATES,45,5
9121032323,BLACK STONE MARKETING,105,20
9121032325,SURAJ TRADERS,40,15
9121032327,JAY AMBEY TRADERS,150,55
9121032331,BANSARI TRADERS,150,84
9121032352,SHREE BAHUCHAR TRADERS,45,13
9121032360,NATIONAL PAINTS,40,10
9121032369,N S TRADERS,70,15
9121032392,CHAMUNDA CONSTRUCTION,35,10
9121032398,UMA CEMENT DEPO,211,135
9121032401,BALAJI ENTERPRISE,250,110.5
9121032403,SHREE MAHALAXMI TRADERS,40,10
9121032413,BRAHMANI TRADERS,90,7.5
9121032438,AGRI BUSINESS CENTER,48,15
9121032486,OM TRADERS,50,23
9121032497,GANESH HARDWARE AND PAINT,40,6
9121032509,ROYAL TRADERS,90,15.5
9121032563,GOODLUCK TRADERS,232,13
9121032569,A. A. MONJI,10,5
9121032587,SHAKTI ENTERPRISE,66,25
9121032615,PARISHRAM TRADERS,80,21
9121032642,RK SONS TRADING,100,65
9121032704,AGRAWAL GRANITE AND MARBEL,55,5
9121032705,MARUTI CARTING AND SUPPLIERS,130,26
9121032720,MAYUR SALES CORPORATION,62,12.5
9121032726,KRISHNA ENTERPRISE,110,77.5
9121032729,TEJAS ENTERPRISE,200,67
9121032731,SHIVAM ELECTRONICS,#N/A,78
9121032738,SWASTIK BUILDING MATERIALS,283,104.5
9121032756,SABAR AGENCY,50,10
9121032775,VIHAN TRADERS,125,48.5
9121032777,JAY AMBE GLASS TRADERS,27,13.5
9121032816,RAJPUT  VINODBHAI THAKORBHAI,45,26
9121032817,SHREE GANESH TREDING CO.,54,13
9121032823,SHREE HARSIDDHI TRADERS,40,5
9121032874,MAA KHODAL TRADERS,95,32.5
9121032875,SHREENATHJI TRADERS,54,15
9121032879,KISHAN ENTERPRISE,55,25
9121032897,VRAJDHAM AGRO CENTER,21,15
9121032909,SHREE ANAND TRADERS,250,24.25
9121032912,SHREENATHJI CEMENT DEPO,210,105
9121032935,SHREENATHJI STEEL TRADERS,170,13
9121032942,HARIKIRTAN CORPORATION,65,10
9121032976,NEW AMBICA TRADERS,100,20
9121032979,JAY GOGA TRADERS,60,10
9121032984,MAA SARASVATI TRADERS,79,64
9121033004,RAJCHAMUNDA ENTERPRISE,38,12
9121033017,SHIVAM TRADERS,150,10
9121033025,RELIANCE CEMENT WORKS,30,10
9121033039,CHAMUNDA CEMENT DEPO,51,12
9121033041,SHREE RAM ENTERPRISE,10,2
9121033065,KGN STEEL,145,29
9121033123,SAI TRADERS,40,5
9121033124,PRAVESH TRADE INDUSTRIES PRIVATE,379,244
9121033127,OM TRADERS,69,51
9121033128,OM TRADERS & CONSTRUCTION,171,93
9121033139,M. M. HARDWARE & ELECTRICALS,39,5
9121033144,SHREENATH ENTERPRISE,300,95
9121033176,SHREE RAHAT MACHINERY STORES,126,26
9121033177,J K ENTERPRISE,45,20.5
9121033179,TISLI TRADERS,63,15
9121033180,PRINCE ENTERPRISE,300,131.8
9121033185,JAGRAT ENTERPRISE,47,20
9121033252,MAHADEV TRADERS,#N/A,25
9121033262,KARM BUILDING MATERIAL,40,5
9121033295,JAY MARBLE & CERAMIC,30,20
9121033362,BALRAM TRADERS,15,5
9121033363,S K TRADERS,80,25
9121033404,GEETA ENTERPRISE,90,22.5
9121033456,SHREEJI SUPPLIER,79,55
9121033466,SHRI RAJ ENTERPRISE,65,11
9121033471,MEET TRADING CO,35,5
9121033502,EKAL SALES AGENCY,45,27.5
9121033503,HIMALAY AGRO CENTER,51,24
9121033512,SHREYAS TRADERS,50,20
9121033529,SHIV ENTERPRISE,300,233.25
9121033530,BAJARANG TRADERS,180,60
9121033532,MARUTI STEEL,30,6
9121033557,ASHAPURA ENTERPRISE,50,16.5
9121033562,SAI KHUSHI CEMENT DEPO,46,10
9121033563,AMPLE SUPPLIERS,60,5
9121033569,MARUTI CEMENT DEPO,46,15
9121033581,DARSHAN TRADING CO,196,26
9121033592,DARSHAN HARDWARE AND TRADING CO.,85,26
9121033595,MAHESH AGRO CENTER,100,18
9121033618,SHAKTI TRADERS,45,74
9121033637,RAJVI SALES,126,48
9121033638,PATEL HARDWARE TRADERS,83,27
9121033647,JAINUDDIN ESMAILJI GHEEWALA,214,145
9121033692,DIVYA STONE,24,12
9121033706,SHAKTI ENTERPRISE,40,12
9121033748,Shubham Enterprise,75,10
9121033757,NILAM HARDWARE SHOP,18,10
9121033783,SAI HARDWEAR & PLASTIC,70,10
9121033786,GURUDEV CEMENT SUPPLIER,50,15
9121033787,SHREE RAM SALES AGENCY,54,25
9121033793,KHODIYAR TRADERS AND ROLLING SUTTER,90,26
9121033803,SHREE BAJARANG TRADERS,150,26
9121033808,S CONSTRUCTION COMPANY,66,13
9121033817,PANCHADEV TRADERS,55,10
9121033833,ROYAL HARDWARE,96,71
9121033835,HARSH TRADING CO,40,33
9121033838,DURVA TRADERS,212,26
9121033850,JAY AMBE HARDWARE PLYWOOD & SENETOR,45,13
9121033859,MAHALAXMI TRADERS,70,51.5
9121033886,SHRI NAKODA CEMENT DEPO,145,78
9121033892,UMIYA TRADERS,50,5
9121033905,OASIS ENTERPRISE,60,3.5
9121033922,M J TRADERS,60,6
9121033926,SHREE BAHUCHAR TIMBER MART,155,10
9121033968,R K TRADERS,65,15
9121033988,SHREE OMKAR ENTERPRISE,90,15
9121034021,YOGESH DUGDHALAYA,60,21
9121034034,HARIHAR TRADERS,30,24
9121034065,P.N. MARKETING,70,16
9121034066,SOMNATH ENTERPRISE,101,36
9121034076,SAHKAR BUILDING MATE AND,95,25.5
9121034161,HARSIDHDHI HARDWARE MART,101,52
9121034173,AVDHUT AGENCY,225,65
9121034193,RADHESHYAM SALES,107,55.5
9121034209,SHREEJI ENTERPRISE,54,26
9121034284,ARIHANT TRADERS,30,15
9121034285,KRISHNA TRADING,25,79
9121034291,SHIV TRADING COMPANY,18,17
9121034306,HARIKRUSHNA HARDWARE AND PLAY WOOD,54,22.5
9121034314,KULDEEP TRADING COMPANY,40,24
9121034315,MAHAKALI TRADERS,40,38
9121034318,BHAVYA STEEL CORPORATION,55,34.5
9121034320,AMBALAL SHAHAND SONS,30,40
9121034321,PITRUKRUPA TRADERS,20,14
9121034324,MARUTI BUILDING MATERIAL,95,30
9121034337,JAY MATAJI BUILDING MATERIALS,10,12
9121034338,SAP ENTERPRISES,45,41
9121034339,YOGESH HARDWARE MART,25,12
9121034340,UJAVAL TRADING,40,17
9121034350,PRABHUKRUPA TRADING,70,14
9121034354,SHRI ARBUDA CEMENT PRODUCT,55,42
9121034355,AJAY TRADING COMPANY,145,69
9121034365,SWASTIK STEEL TRADERS,120,42
9121034366,SHREE CHAMUNDA TRADING,60,20
9121034369,SHREEJI BUILDING MATERIAL SUPPLIERS,70,20.5
9121034371,VIJAY AGRO CENTER,115,87
9121034373,MANGAL INFRA,93,94
9121034375,HET ENTERPRISE,60,22
9121034379,MADHAV ENTERPRISE,46,5
9121034383,HAMVI CORPORATION,15,12
9121034389,SABBIR ISMAIL,95,55
9121034390,ALAKHDHANI ELECTRICAL AND HARDWARE,60,12
9121034391,AMBICA TRADERS,250,63
9121034398,ANJANA SALES CORPORATION,60,15
9121034404,KRISHNA TRADERS,20,12
9121034405,ADINATH CORPORATION,45,32.5
9121034407,PALAV PAINTS AND HARDWARE,25,11.5
9121034408,SOMANATH TRADERS,25,6
9121034409,ARYA TRADERS,59,20
9121034411,S I TRADERS,121,50.5
9121034432,AGRI BUSINESS CENTER,25,10
9121034435,SHRI SITARAM STEEL AND TRADERS,87,10
9121034450,DHARMABHAKTI MARBLE,120,139
9121034457,VIMAL ENTERPRISE,45,7.5
9121034464,ARCHIT CORPORATION,103,52.5
9121034465,HARIOM CEMENT PRODUCTS,93,90
9121034468,DADHAL CEMENT AND H W DEPO,424,18
9121034470,KRISHNA AGENCY,90,10
9121034471,MATRUKRUPA SUPPLIERS,112,32
9121034472,PRAMUKH TRADING COMPANY,51,2.5
9121034474,LAXMI NARAYAN ENTERPRISE,85,52
9121034477,SAI SALES,83,41
9121034481,SHREE BHAGWATI STEEL AND PIPE,45,40
9121034486,SAHANI TRADERS,45,36
9121034487,SWASTIK STEEL,#N/A,19.25
9121034492,SHREEJI TRADERS,#N/A,12
9121034504,B H ENTERPRISE,56,19
9121034505,MURLIDHAR TRADERS,60,18.5
9121034523,TIRTH ENTERPRISE,70,30
9121034559,NEW KEVAL SALES,42,40
9121034570,LIMRA ENTERPRISE,60,12.5
9121034575,SAIYAD CEMENT SUPPLIERS,20,11
9121034576,JALARAM TRADERS,33,10
9121034613,AMI STEEL TRADERS,40,5
9121034629,JAY GOGAJI TRADERS,80,20
9121034666,R K MOTORS,145,15
9121034667,RIDHAM CEMENT ARTICLE,#N/A,52
9121034668,SHREE HARIHAR SAW MILL,77,38
9121034669,SHREE RAM HARDWARE AND ELECTRICALS,48,15
9121034673,ANAND TILES GALLERY,60,10
9121034674,SAARTHI GROUP ENTERPRISE,50,12
9121034675,DARSHAN TRADERS,65,42.5
9121034687,JAY AMBE TRADERS,35,24
9121034694,SHUBH TRADERS,120,30
9121034696,RADHE ENTERPRISE,#N/A,10
9121034707,DARSH ENTERPRISE,35,5
9121034710,SANDIP TRADERS,65,12.5
9121034712,PARISHRAM ENTERPRISE,80,36.75
9121034715,SHREE LAXMI TRADING CO,57,4
9121034730,KANUBHAI SOMCHAND SHAH,60,10
9121034751,EAGLE AGENCY,325,133
9121034758,BHAGVATI STEEL,81,20
9121034759,SUNDESHWARI TRADERS AND MACHINERY,35,15
9121034767,J B TRADERS,105,27.5
9121034768,BHAVANI TROLLY WORKS,50,21
9121034786,A ONE TRADING CO.,85,15
9121034788,PAWAN ENTERPRISE,240,110
9121034794,JAYPAL ENTERPRISE,80,68
9121034797,SHRI BRAHMANI TRADING,50,5
9121034800,SHAKTI TRADERS,70,60
9121034803,RASIKBHAI SHANKARBHAI JOSHI,41,15
9121034804,FIVE STAR ENTERPRISE,55,15
9121034811,OM VALLABH TRADERS,100,48
9121034819,AMBIKA VIJAY SAW MILL,50,12
9121034826,RAJ ENTERPRISE,35,6
9121034834,RAVI TRADERS,20,10
9121034847,VISHVAKARMA STORES,30,13
9121034848,SHREE KRISHNA CORPORATION,113,34
9121034862,NAVKAR INDUSTRIES,25,15
9121034873,KIYAN BUILDING MATERIALS,65,15
9121034897,JAYMATAJI TRADERS,28,15
9121034904,SABAR HARDWARE AND STEEL,30,26
9121034909,JAL TRADERS,50,40
9121034929,HONEST SUPPLIERS,90,37
9121034941,PATEL HARSH,45,12
9121034960,NAGDEV STEEL TRADERS,65,15
9121034962,KARAN TRADERS,22,15
9121034963,UME FABRICATION AND STEEL TRADERS,50,5
9121034976,JAISWAL STEEL AND HARDWARE,20,12
9121034993,SHIV SHAKTI TRADERS,25,29
9121035005,JAYSHREE MA KSHEMKALYANI KRUPA TRAD,25,11
9121035009,MANSURI CEMENT DEPOT,97,36
9121035010,VINAYAK HARDWARE AND BUILDING MATER,90,5
9121035012,SHRI JAY AMBE BRICKS MANUFACTURE,60,8
9121035025,AASHRAY ENTERPRISE,65,25
9121035026,SIMRAN TRADERS,36,13
9121035043,SHLOK TRADERS,60,34
9121035062,JAY AMBE TRADERS,39,53
9121035078,SHREENATH STEEL TRADERS,45,5
9121035103,JAY SHREE KULDEVI TRADERS,100,10
9121035114,SHREE UMA ENTERPRISE,115,72
9121035169,SHREE UMIYA TRADERS,30,24
9121035209,DHYANA ENTERPRISE,78,28
9121035220,SHIVSHAKTI TRADERS,30,12
9121035222,ASHA TRADING CO,10,4
9121035243,MANKAD CEMENT DEPO,55,10
9121035259,SIDDHRAJ KOTA AND MARBLE,90,30
9121035274,AMLIWALA HARDWARE,45,12
9121035277,BANSI TILES WHOLESELLER,40,10
9121035282,KRISHNA ENTERPRISE,48,36.5
9121035305,SHREE SIDDHESHWARI TRADERS,120,30
9121035308,SHREE BAJRANG TRADERS,63,22.45
9121035322,RUDRA ENTERPRISE,55,5
9121035359,JAMAL SHAKTI ENTERPRISE,50,25
9121035360,RAMDEV ENTERPRISE,60,24
9121035367,SMB TRADERS,69,121
9121035391,S R ENTERPRISE,81,12
9121035399,SHREE MAHAKALI TRADERS,13,13
9121035409,SHIV TRADERS,45,39
9121035412,LAXMI TRADERS,100,35
9121035434,GURUKRUPA CEMENT PRODUCT,90,54
9121035438,AADIL CONSTRUCTION AND BLOCK WORKS,40,10
9121035448,OM VIHAAN CORPORATION,123,79
9121035599,ASHAPURA ENTERPRISE,70,15
9121035695,SHREE RAM TRADERS,#N/A,22
9121035698,SHIV SHAKTI TRADERS,#N/A,5
9121035699,BAHUCHAR TRADERS,#N/A,35
9121035708,GAYATRI TRADERS,40,15
9121035736,PATEL PREMJI POONJABHAI,#N/A,19
9121035737,KRISHNA SALES,#N/A,11
9121035749,SHIVAM HARDWARE,#N/A,30
9121035750,KRUSHI CONSTRUCTION COMPANY,#N/A,5
